-- phpMyAdmin SQL Dump
-- version 5.2.1
-- https://www.phpmyadmin.net/
--
-- Host: 127.0.0.1
-- Generation Time: Aug 18, 2025 at 06:56 AM
-- Server version: 10.4.32-MariaDB
-- PHP Version: 8.0.30

SET SQL_MODE = "NO_AUTO_VALUE_ON_ZERO";
START TRANSACTION;
SET time_zone = "+00:00";


/*!40101 SET @OLD_CHARACTER_SET_CLIENT=@@CHARACTER_SET_CLIENT */;
/*!40101 SET @OLD_CHARACTER_SET_RESULTS=@@CHARACTER_SET_RESULTS */;
/*!40101 SET @OLD_COLLATION_CONNECTION=@@COLLATION_CONNECTION */;
/*!40101 SET NAMES utf8mb4 */;

--
-- Database: `applied project 2`
--

-- --------------------------------------------------------

--
-- Table structure for table `customerdim`
--

CREATE TABLE `customerdim` (
  `CustomerKey` int(11) NOT NULL,
  `CustomerName` varchar(255) NOT NULL,
  `CustomerAddress` varchar(255) NOT NULL,
  `CustomerState` varchar(100) NOT NULL,
  `CustomerEmail` varchar(255) NOT NULL
) ENGINE=InnoDB DEFAULT CHARSET=utf8mb4 COLLATE=utf8mb4_general_ci;

--
-- Dumping data for table `customerdim`
--

INSERT INTO `customerdim` (`CustomerKey`, `CustomerName`, `CustomerAddress`, `CustomerState`, `CustomerEmail`) VALUES
(1, 'Workman, Burton W.', '1596 Quis Ave', 'NSW', 'quis.lectus@aliquetvel.ca'),
(2, 'Manning, Tatyana A.', '985-2368 Semper St.', 'ACT', 'in.lobortis.tellus@Uttinciduntvehicula.ca'),
(3, 'Wilcox, Aurelia J.', '257-3361 Amet, St.', 'NSW', 'pede@facilisisloremtristique.ca'),
(4, 'Joseph, Ila W.', '3374 Nec Avenue', 'VIC', 'mollis.vitae@Maecenasornareegestas.net'),
(5, 'Guerra, Zephania U.', '1394 Ac St.', 'NSW', 'turpis.Nulla.aliquet@etultricesposuere.edu'),
(6, 'Rosales, Berk B.', 'P.O. Box 348, 9486 Aenean Rd.', 'NSW', 'nisl.Nulla.eu@adipiscing.co.uk'),
(7, 'Rosales, Summer W.', 'Ap #494-6033 Vitae, Av.', 'NSW', 'Cras.eget.nisi@nullaanteiaculis.ca'),
(8, 'Mcintyre, Marah X.', 'Ap #522-9738 Gravida Rd.', 'NSW', 'mi@scelerisque.ca'),
(9, 'Campbell, Chastity J.', '918-3748 Semper Road', 'QLD', 'Maecenas.libero@molestietortornibh.co.uk'),
(10, 'Armstrong, Kirk R.', 'P.O. Box 731, 6961 Aenean Street', 'VIC', 'et.tristique.pellentesque@mauriseuelit.edu'),
(11, 'Graves, Coby A.', 'Ap #164-8396 Etiam Rd.', 'QLD', 'pede.nec.ante@interdum.com'),
(12, 'Oconnor, Felicia J.', '824-8023 In Road', 'VIC', 'pede.Cum.sociis@volutpat.edu'),
(13, 'Craig, Callum X.', '6430 Dictum. Rd.', 'QLD', 'lorem@nulla.ca'),
(14, 'Douglas, Driscoll W.', '7344 Purus, Rd.', 'WA', 'vitae.purus@vel.ca'),
(15, 'Vinson, Amaya Y.', 'P.O. Box 661, 9659 Eget Avenue', 'VIC', 'ut.quam.vel@erat.org'),
(16, 'Humphrey, Martha Z.', 'Ap #148-3516 Libero. Rd.', 'NSW', 'orci.luctus@necmollisvitae.edu'),
(17, 'Moses, Allistair M.', '256-5945 Vehicula Av.', 'NSW', 'eu@laciniavitaesodales.org'),
(18, 'Beck, Wilma H.', '2765 Ipsum Road', 'SA', 'imperdiet.ornare@lectusjustoeu.com'),
(19, 'Owens, Jack M.', 'Ap #260-2682 Congue, Ave', 'VIC', 'scelerisque.lorem@lacuspedesagittis.edu'),
(20, 'Donaldson, Hedwig A.', '784-5704 Nec, Av.', 'QLD', 'Cras.dolor@metusvitaevelit.com'),
(21, 'Johnston, Madison S.', '728-5242 Fusce Avenue', 'WA', 'quis.turpis.vitae@aliquetlibero.co.uk'),
(22, 'Wagner, Shelley R.', 'Ap #735-7867 Lectus Ave', 'SA', 'adipiscing@ametmetusAliquam.com'),
(23, 'Gutierrez, Brynn H.', '3989 Aliquet St.', 'VIC', 'dictum.eu.eleifend@nisia.ca'),
(24, 'Slater, Zoe M.', '5568 Ultrices Road', 'VIC', 'magna@nisidictum.org'),
(25, 'Phillips, Andrew Y.', '860-5078 Natoque Rd.', 'WA', 'Nullam.velit@velfaucibus.org'),
(26, 'Conrad, Ulric Y.', '551-9542 Amet Avenue', 'VIC', 'rutrum.lorem@dolor.co.uk'),
(27, 'Britt, Wang K.', 'Ap #778-6788 Amet St.', 'NSW', 'nisl.elementum.purus@metus.ca'),
(28, 'Harper, Hop L.', 'Ap #684-1235 Donec Street', 'VIC', 'arcu.Aliquam.ultrices@parturient.net'),
(29, 'Jacobson, Carissa J.', 'Ap #249-5432 Arcu Rd.', 'QLD', 'In@enim.ca'),
(30, 'Lopez, Yardley X.', '117-8262 Rhoncus. St.', 'QLD', 'egestas.lacinia@purusaccumsaninterdum.org'),
(31, 'Hickman, Upton D.', 'P.O. Box 750, 9408 Vulputate, Avenue', 'SA', 'auctor.vitae.aliquet@purusaccumsaninterdum.ca'),
(32, 'Eaton, Phyllis I.', 'Ap #746-3436 Tincidunt Ave', 'NSW', 'consequat@parturientmontesnascetur.net'),
(33, 'Vega, Mariam Z.', 'P.O. Box 725, 4010 Egestas Ave', 'QLD', 'enim.Suspendisse@nequepellentesquemassa.ca'),
(34, 'Prince, Lamar B.', 'P.O. Box 434, 7247 Nisl. Avenue', 'QLD', 'Nam.nulla@ultricesa.org'),
(35, 'Tucker, McKenzie G.', '162-1782 Pellentesque St.', 'TAS', 'In.condimentum.Donec@infaucibusorci.net'),
(36, 'Cummings, Aurelia Z.', '5088 Gravida. Rd.', 'QLD', 'ut.odio.vel@dapibus.ca'),
(37, 'Vargas, Leah A.', 'P.O. Box 351, 7685 Faucibus Rd.', 'SA', 'sollicitudin@Lorem.ca'),
(38, 'Hogan, Jessica K.', 'Ap #953-1748 In, Road', 'QLD', 'Vivamus.molestie@maurisMorbi.org'),
(39, 'Mckenzie, Keane O.', 'Ap #306-978 Donec Rd.', 'VIC', 'laoreet@nibhAliquam.net'),
(40, 'Chase, Harriet J.', '8365 Augue Rd.', 'QLD', 'Proin.ultrices.Duis@eget.edu'),
(41, 'Stevenson, Zelenia L.', '685-3530 Sociis Street', 'QLD', 'orci.consectetuer.euismod@volutpatNulla.net'),
(42, 'Meyer, Isabella V.', '5353 Pretium St.', 'SA', 'rhoncus@aliquet.co.uk'),
(43, 'Melton, Chester R.', 'P.O. Box 652, 7155 Lacus Av.', 'NSW', 'ac.mattis@liberoDonec.edu'),
(44, 'Davis, Audrey L.', '1185 Sodales Av.', 'VIC', 'vulputate.risus@dignissim.co.uk'),
(45, 'Burgess, Deacon A.', '2871 Lorem Avenue', 'NSW', 'est@adipiscing.org'),
(46, 'Morris, Samuel Z.', '944-1978 Urna. Rd.', 'VIC', 'tincidunt.vehicula@Sedmolestie.edu'),
(47, 'Mason, Gary S.', '7842 Sed Ave', 'VIC', 'Duis.sit@nasceturridiculusmus.ca'),
(48, 'Boyd, Charissa T.', '242 Congue Rd.', 'VIC', 'feugiat.placerat.velit@velconvallisin.com'),
(49, 'Whitehead, Risa F.', '238-2195 Aliquet Rd.', 'WA', 'neque@Nunccommodo.com'),
(50, 'Bernard, Jonah G.', '7459 Mattis. Street', 'QLD', 'sit@blanditenimconsequat.com'),
(51, 'Keith Wanguru', 'APIC Campus, Brisbane', 'Queensland', '202500378@student.apicollege.edu.au');

-- --------------------------------------------------------

--
-- Table structure for table `datedim`
--

CREATE TABLE `datedim` (
  `DateKey` int(11) NOT NULL,
  `SaleDate` date NOT NULL,
  `Year` int(11) NOT NULL,
  `Month` int(11) NOT NULL,
  `Day` int(11) NOT NULL,
  `Quarter` int(11) NOT NULL
) ENGINE=InnoDB DEFAULT CHARSET=utf8mb4 COLLATE=utf8mb4_general_ci;

--
-- Dumping data for table `datedim`
--

INSERT INTO `datedim` (`DateKey`, `SaleDate`, `Year`, `Month`, `Day`, `Quarter`) VALUES
(1, '2016-01-04', 2016, 1, 4, 1),
(2, '2017-03-23', 2017, 3, 23, 1),
(3, '2017-03-23', 2017, 3, 23, 1),
(4, '2018-07-18', 2018, 7, 18, 3),
(5, '2018-01-16', 2018, 1, 16, 1),
(6, '2016-09-29', 2016, 9, 29, 3),
(7, '2016-01-26', 2016, 1, 26, 1),
(8, '2017-04-14', 2017, 4, 14, 2),
(9, '2016-06-06', 2016, 6, 6, 2),
(10, '2016-02-21', 2016, 2, 21, 1),
(11, '2016-01-30', 2016, 1, 30, 1),
(12, '2017-02-20', 2017, 2, 20, 1),
(13, '2018-10-31', 2018, 10, 31, 4),
(14, '2017-05-05', 2017, 5, 5, 2),
(15, '2016-12-08', 2016, 12, 8, 4),
(16, '2018-05-08', 2018, 5, 8, 2),
(17, '2016-11-06', 2016, 11, 6, 4),
(18, '2016-12-15', 2016, 12, 15, 4),
(19, '2016-06-24', 2016, 6, 24, 2),
(20, '2017-11-24', 2017, 11, 24, 4),
(21, '2018-01-18', 2018, 1, 18, 1),
(22, '2018-10-10', 2018, 10, 10, 4),
(23, '2017-04-10', 2017, 4, 10, 2),
(24, '2016-07-23', 2016, 7, 23, 3),
(25, '2017-10-14', 2017, 10, 14, 4),
(26, '2018-08-27', 2018, 8, 27, 3),
(27, '2016-04-19', 2016, 4, 19, 2),
(28, '2016-01-30', 2016, 1, 30, 1),
(29, '2016-10-15', 2016, 10, 15, 4),
(30, '2017-05-15', 2017, 5, 15, 2),
(31, '2017-01-19', 2017, 1, 19, 1),
(32, '2016-07-26', 2016, 7, 26, 3),
(33, '2018-04-29', 2018, 4, 29, 2),
(34, '2017-06-05', 2017, 6, 5, 2),
(35, '2018-10-22', 2018, 10, 22, 4),
(36, '2017-10-15', 2017, 10, 15, 4),
(37, '2017-12-06', 2017, 12, 6, 4),
(38, '2016-07-19', 2016, 7, 19, 3),
(39, '2017-03-14', 2017, 3, 14, 1),
(40, '2017-08-21', 2017, 8, 21, 3),
(41, '2016-03-15', 2016, 3, 15, 1),
(42, '2017-05-06', 2017, 5, 6, 2),
(43, '2017-05-28', 2017, 5, 28, 2),
(44, '2018-04-20', 2018, 4, 20, 2),
(45, '2017-12-31', 2017, 12, 31, 4),
(46, '2017-10-09', 2017, 10, 9, 4),
(47, '2017-11-27', 2017, 11, 27, 4),
(48, '2016-11-13', 2016, 11, 13, 4),
(49, '2016-10-22', 2016, 10, 22, 4),
(50, '2017-12-20', 2017, 12, 20, 4),
(51, '2016-04-24', 2016, 4, 24, 2),
(52, '2016-09-21', 2016, 9, 21, 3),
(53, '2018-07-25', 2018, 7, 25, 3),
(54, '2018-07-27', 2018, 7, 27, 3),
(55, '2018-03-22', 2018, 3, 22, 1),
(56, '2017-12-29', 2017, 12, 29, 4),
(57, '2016-11-09', 2016, 11, 9, 4),
(58, '2017-12-22', 2017, 12, 22, 4),
(59, '2017-01-16', 2017, 1, 16, 1),
(60, '2017-03-18', 2017, 3, 18, 1),
(61, '2018-01-19', 2018, 1, 19, 1),
(62, '2017-08-08', 2017, 8, 8, 3),
(63, '2017-07-18', 2017, 7, 18, 3),
(64, '2016-10-13', 2016, 10, 13, 4),
(65, '2017-11-13', 2017, 11, 13, 4),
(66, '2018-12-06', 2018, 12, 6, 4),
(67, '2016-01-23', 2016, 1, 23, 1),
(68, '2016-10-12', 2016, 10, 12, 4),
(69, '2018-08-09', 2018, 8, 9, 3),
(70, '2018-01-25', 2018, 1, 25, 1),
(71, '2018-08-04', 2018, 8, 4, 3),
(72, '2016-08-12', 2016, 8, 12, 3),
(73, '2018-03-05', 2018, 3, 5, 1),
(74, '2017-03-08', 2017, 3, 8, 1),
(75, '2017-01-17', 2017, 1, 17, 1),
(76, '2018-04-04', 2018, 4, 4, 2),
(77, '2017-07-22', 2017, 7, 22, 3),
(78, '2017-05-20', 2017, 5, 20, 2),
(79, '2016-07-06', 2016, 7, 6, 3),
(80, '2016-09-08', 2016, 9, 8, 3),
(81, '2018-08-20', 2018, 8, 20, 3),
(82, '2016-02-21', 2016, 2, 21, 1),
(83, '2018-10-28', 2018, 10, 28, 4),
(84, '2017-01-14', 2017, 1, 14, 1),
(85, '2018-09-28', 2018, 9, 28, 3),
(86, '2018-03-30', 2018, 3, 30, 1),
(87, '2017-12-11', 2017, 12, 11, 4),
(88, '2017-07-15', 2017, 7, 15, 3),
(89, '2016-12-22', 2016, 12, 22, 4),
(90, '2018-02-02', 2018, 2, 2, 1),
(91, '2016-12-13', 2016, 12, 13, 4),
(92, '2018-11-28', 2018, 11, 28, 4),
(93, '2017-06-13', 2017, 6, 13, 2),
(94, '2016-01-02', 2016, 1, 2, 1),
(95, '2017-02-27', 2017, 2, 27, 1),
(96, '2017-10-21', 2017, 10, 21, 4),
(97, '2017-01-14', 2017, 1, 14, 1),
(98, '2016-08-08', 2016, 8, 8, 3),
(99, '2017-01-19', 2017, 1, 19, 1),
(100, '2018-08-27', 2018, 8, 27, 3),
(101, '2016-09-12', 2016, 9, 12, 3),
(102, '2017-02-24', 2017, 2, 24, 1),
(103, '2016-12-30', 2016, 12, 30, 4),
(104, '2018-09-17', 2018, 9, 17, 3),
(105, '2017-02-04', 2017, 2, 4, 1),
(106, '2016-09-13', 2016, 9, 13, 3),
(107, '2016-06-30', 2016, 6, 30, 2),
(108, '2017-02-04', 2017, 2, 4, 1),
(109, '2016-06-02', 2016, 6, 2, 2),
(110, '2018-02-12', 2018, 2, 12, 1),
(111, '2018-12-02', 2018, 12, 2, 4),
(112, '2017-08-20', 2017, 8, 20, 3),
(113, '2016-05-10', 2016, 5, 10, 2),
(114, '2017-11-03', 2017, 11, 3, 4),
(115, '2017-08-24', 2017, 8, 24, 3),
(116, '2018-09-09', 2018, 9, 9, 3),
(117, '2018-10-05', 2018, 10, 5, 4),
(118, '2018-10-05', 2018, 10, 5, 4),
(119, '2016-10-19', 2016, 10, 19, 4),
(120, '2016-02-26', 2016, 2, 26, 1),
(121, '2018-02-27', 2018, 2, 27, 1),
(122, '2018-10-30', 2018, 10, 30, 4),
(123, '2018-06-24', 2018, 6, 24, 2),
(124, '2016-12-04', 2016, 12, 4, 4),
(125, '2016-03-14', 2016, 3, 14, 1),
(126, '2016-11-21', 2016, 11, 21, 4),
(127, '2017-02-06', 2017, 2, 6, 1),
(128, '2017-09-01', 2017, 9, 1, 3),
(129, '2017-03-01', 2017, 3, 1, 1),
(130, '2018-07-25', 2018, 7, 25, 3),
(131, '2017-08-28', 2017, 8, 28, 3),
(132, '2017-10-26', 2017, 10, 26, 4),
(133, '2017-06-08', 2017, 6, 8, 2),
(134, '2018-02-22', 2018, 2, 22, 1),
(135, '2016-12-19', 2016, 12, 19, 4),
(136, '2016-08-18', 2016, 8, 18, 3),
(137, '2016-09-05', 2016, 9, 5, 3),
(138, '2018-02-07', 2018, 2, 7, 1),
(139, '2016-09-04', 2016, 9, 4, 3),
(140, '2018-06-11', 2018, 6, 11, 2),
(141, '2017-03-20', 2017, 3, 20, 1),
(142, '2016-08-03', 2016, 8, 3, 3),
(143, '2017-01-12', 2017, 1, 12, 1),
(144, '2018-02-19', 2018, 2, 19, 1),
(145, '2017-11-07', 2017, 11, 7, 4),
(146, '2018-05-26', 2018, 5, 26, 2),
(147, '2016-09-08', 2016, 9, 8, 3),
(148, '2017-12-14', 2017, 12, 14, 4),
(149, '2017-10-04', 2017, 10, 4, 4),
(150, '2018-06-04', 2018, 6, 4, 2),
(151, '2016-11-03', 2016, 11, 3, 4),
(152, '2016-12-22', 2016, 12, 22, 4),
(153, '2016-12-24', 2016, 12, 24, 4),
(154, '2018-01-28', 2018, 1, 28, 1),
(155, '2017-07-20', 2017, 7, 20, 3),
(156, '2017-08-01', 2017, 8, 1, 3),
(157, '2018-11-25', 2018, 11, 25, 4),
(158, '2017-11-20', 2017, 11, 20, 4),
(159, '2018-06-01', 2018, 6, 1, 2),
(160, '2017-10-17', 2017, 10, 17, 4),
(161, '2018-08-29', 2018, 8, 29, 3),
(162, '2018-07-01', 2018, 7, 1, 3),
(163, '2018-04-06', 2018, 4, 6, 2),
(164, '2016-12-07', 2016, 12, 7, 4),
(165, '2017-11-24', 2017, 11, 24, 4),
(166, '2018-09-10', 2018, 9, 10, 3),
(167, '2018-12-17', 2018, 12, 17, 4),
(168, '2018-06-11', 2018, 6, 11, 2),
(169, '2018-04-18', 2018, 4, 18, 2),
(170, '2018-07-26', 2018, 7, 26, 3),
(171, '2016-06-14', 2016, 6, 14, 2),
(172, '2016-03-16', 2016, 3, 16, 1),
(173, '2016-01-28', 2016, 1, 28, 1),
(174, '2017-02-21', 2017, 2, 21, 1),
(175, '2016-08-01', 2016, 8, 1, 3),
(176, '2017-02-28', 2017, 2, 28, 1),
(177, '2018-03-30', 2018, 3, 30, 1),
(178, '2017-05-19', 2017, 5, 19, 2),
(179, '2016-03-16', 2016, 3, 16, 1),
(180, '2016-12-10', 2016, 12, 10, 4),
(181, '2017-06-28', 2017, 6, 28, 2),
(182, '2018-05-17', 2018, 5, 17, 2),
(183, '2018-01-30', 2018, 1, 30, 1),
(184, '2018-03-22', 2018, 3, 22, 1),
(185, '2016-09-21', 2016, 9, 21, 3),
(186, '2016-11-25', 2016, 11, 25, 4),
(187, '2018-02-26', 2018, 2, 26, 1),
(188, '2016-01-24', 2016, 1, 24, 1),
(189, '2018-01-03', 2018, 1, 3, 1),
(190, '2017-10-19', 2017, 10, 19, 4),
(191, '2018-11-05', 2018, 11, 5, 4),
(192, '2016-09-03', 2016, 9, 3, 3),
(193, '2018-01-26', 2018, 1, 26, 1),
(194, '2018-10-14', 2018, 10, 14, 4),
(195, '2017-06-22', 2017, 6, 22, 2),
(196, '2017-07-08', 2017, 7, 8, 3),
(197, '2017-08-03', 2017, 8, 3, 3),
(198, '2017-06-03', 2017, 6, 3, 2),
(199, '2018-05-28', 2018, 5, 28, 2),
(200, '2018-07-30', 2018, 7, 30, 3),
(201, '2017-01-04', 2017, 1, 4, 1),
(202, '2018-05-21', 2018, 5, 21, 2),
(203, '2016-09-08', 2016, 9, 8, 3),
(204, '2016-08-21', 2016, 8, 21, 3),
(205, '2017-03-30', 2017, 3, 30, 1),
(206, '2018-02-04', 2018, 2, 4, 1),
(207, '2016-09-18', 2016, 9, 18, 3),
(208, '2016-09-29', 2016, 9, 29, 3),
(209, '2017-03-20', 2017, 3, 20, 1),
(210, '2016-11-07', 2016, 11, 7, 4),
(211, '2017-06-23', 2017, 6, 23, 2),
(212, '2016-09-19', 2016, 9, 19, 3),
(213, '2018-09-14', 2018, 9, 14, 3),
(214, '2017-05-22', 2017, 5, 22, 2),
(215, '2016-01-25', 2016, 1, 25, 1),
(216, '2018-08-01', 2018, 8, 1, 3),
(217, '2016-03-20', 2016, 3, 20, 1),
(218, '2017-08-22', 2017, 8, 22, 3),
(219, '2016-01-07', 2016, 1, 7, 1),
(220, '2016-12-06', 2016, 12, 6, 4),
(221, '2017-07-08', 2017, 7, 8, 3),
(222, '2018-01-08', 2018, 1, 8, 1),
(223, '2017-03-14', 2017, 3, 14, 1),
(224, '2018-05-02', 2018, 5, 2, 2),
(225, '2017-03-12', 2017, 3, 12, 1),
(226, '2016-07-27', 2016, 7, 27, 3),
(227, '2016-09-22', 2016, 9, 22, 3),
(228, '2017-03-07', 2017, 3, 7, 1),
(229, '2016-09-27', 2016, 9, 27, 3),
(230, '2018-09-02', 2018, 9, 2, 3),
(231, '2018-07-20', 2018, 7, 20, 3),
(232, '2018-07-08', 2018, 7, 8, 3),
(233, '2018-03-02', 2018, 3, 2, 1),
(234, '2018-07-16', 2018, 7, 16, 3),
(235, '2016-09-24', 2016, 9, 24, 3),
(236, '2017-07-16', 2017, 7, 16, 3),
(237, '2018-08-21', 2018, 8, 21, 3),
(238, '2018-04-06', 2018, 4, 6, 2),
(239, '2016-06-01', 2016, 6, 1, 2),
(240, '2017-11-29', 2017, 11, 29, 4),
(241, '2017-10-05', 2017, 10, 5, 4),
(242, '2017-04-13', 2017, 4, 13, 2),
(243, '2017-01-06', 2017, 1, 6, 1),
(244, '2016-04-03', 2016, 4, 3, 2),
(245, '2018-02-10', 2018, 2, 10, 1),
(246, '2018-10-24', 2018, 10, 24, 4),
(247, '2016-10-30', 2016, 10, 30, 4),
(248, '2016-01-11', 2016, 1, 11, 1),
(249, '2017-12-13', 2017, 12, 13, 4),
(250, '2017-07-03', 2017, 7, 3, 3),
(251, '2016-11-13', 2016, 11, 13, 4),
(252, '2016-07-21', 2016, 7, 21, 3),
(253, '2016-05-28', 2016, 5, 28, 2),
(254, '2016-10-05', 2016, 10, 5, 4),
(255, '2016-04-18', 2016, 4, 18, 2),
(256, '2017-03-29', 2017, 3, 29, 1),
(257, '2018-03-23', 2018, 3, 23, 1),
(258, '2017-09-10', 2017, 9, 10, 3),
(259, '2017-07-05', 2017, 7, 5, 3),
(260, '2017-09-08', 2017, 9, 8, 3),
(261, '2017-12-05', 2017, 12, 5, 4),
(262, '2018-12-12', 2018, 12, 12, 4),
(263, '2017-03-13', 2017, 3, 13, 1),
(264, '2018-12-08', 2018, 12, 8, 4),
(265, '2017-07-26', 2017, 7, 26, 3),
(266, '2018-05-28', 2018, 5, 28, 2),
(267, '2017-10-12', 2017, 10, 12, 4),
(268, '2018-05-06', 2018, 5, 6, 2),
(269, '2016-04-10', 2016, 4, 10, 2),
(270, '2017-09-09', 2017, 9, 9, 3),
(271, '2016-12-17', 2016, 12, 17, 4),
(272, '2016-08-01', 2016, 8, 1, 3),
(273, '2017-06-27', 2017, 6, 27, 2),
(274, '2016-05-15', 2016, 5, 15, 2),
(275, '2016-05-03', 2016, 5, 3, 2),
(276, '2016-12-22', 2016, 12, 22, 4),
(277, '2018-10-25', 2018, 10, 25, 4),
(278, '2018-04-28', 2018, 4, 28, 2),
(279, '2018-09-02', 2018, 9, 2, 3),
(280, '2016-09-11', 2016, 9, 11, 3),
(281, '2018-04-04', 2018, 4, 4, 2),
(282, '2016-04-24', 2016, 4, 24, 2),
(283, '2017-12-19', 2017, 12, 19, 4),
(284, '2017-04-09', 2017, 4, 9, 2),
(285, '2018-07-01', 2018, 7, 1, 3),
(286, '2017-02-26', 2017, 2, 26, 1),
(287, '2016-08-17', 2016, 8, 17, 3),
(288, '2016-03-05', 2016, 3, 5, 1),
(289, '2017-05-24', 2017, 5, 24, 2),
(290, '2018-11-09', 2018, 11, 9, 4),
(291, '2018-05-11', 2018, 5, 11, 2),
(292, '2016-12-05', 2016, 12, 5, 4),
(293, '2017-11-07', 2017, 11, 7, 4),
(294, '2017-08-10', 2017, 8, 10, 3),
(295, '2016-06-26', 2016, 6, 26, 2),
(296, '2018-03-10', 2018, 3, 10, 1),
(297, '2016-09-05', 2016, 9, 5, 3),
(298, '2017-06-06', 2017, 6, 6, 2),
(299, '2017-04-13', 2017, 4, 13, 2),
(300, '2018-11-24', 2018, 11, 24, 4);

-- --------------------------------------------------------

--
-- Table structure for table `productdim`
--

CREATE TABLE `productdim` (
  `ProductKey` int(11) NOT NULL,
  `ProductName` varchar(255) NOT NULL,
  `Brand` varchar(100) NOT NULL,
  `UnitPrice` decimal(10,2) NOT NULL
) ENGINE=InnoDB DEFAULT CHARSET=utf8mb4 COLLATE=utf8mb4_general_ci;

--
-- Dumping data for table `productdim`
--

INSERT INTO `productdim` (`ProductKey`, `ProductName`, `Brand`, `UnitPrice`) VALUES
(1, 'Laser Level', 'A LLC', 15.50),
(2, 'Measuring Tape', 'Taciti Sociosqu LLP', 5.45),
(3, 'Lawn Mower', 'Nam Institute', 114.60),
(4, 'Spray Paint', 'Nunc Corporation', 45.90),
(5, 'Water  Tank', 'Rhoncus Industries', 200.00),
(6, 'Block Laying Pins', 'Tellus Phasellus Elit LLP', 23.55),
(7, 'Pipe Cutting Saw', 'Fringilla Institute', 54.24),
(8, 'Plier', 'Sed Consulting', 12.60),
(9, 'Tieing Wire', 'Vestibulum Nec Foundation', 46.70),
(10, 'Cement Mixer', 'Blandit Mattis Cras PC', 70.00),
(11, 'Wheel Barrow', 'Imperdiet Nec Leo LLP', 85.00),
(12, 'Claw Hammer', 'Duis Corp.', 17.83),
(13, 'Skill Saw', 'Dui In Sodales LLC', 146.73),
(14, 'Chop Saw', 'Dui Company', 92.70),
(15, 'Nail Gun', 'Eu Nulla At LLC', 47.98),
(16, 'Square Set', 'Vitae Erat Corp.', 25.55),
(17, 'Bevel', 'Ipsum Inc.', 60.03),
(18, 'Double Ladder', 'Ultrices Posuere Cubilia Institute', 187.21),
(19, 'Staple Gun', 'Euismod Corp.', 165.42),
(20, 'Roofing Hammer', 'Lacus Corporation', 73.85),
(21, 'Screw Gun', 'Aliquam Ltd', 199.11),
(22, 'Hilti Steel Gun', 'Placerat Velit Quisque Foundation', 52.49),
(23, 'Prop', 'Mauris Corp.', 46.27),
(24, 'Drill', 'Consequat Auctor Nunc Limited', 111.75),
(25, 'Multi-meter', 'Auctor Institute', 52.66),
(26, 'Plier Set', 'Sollicitudin A LLP', 101.78),
(27, 'Screw Driver Set', 'Odio Company', 52.90),
(28, 'Chasing Machine', 'Sem Pellentesque Ut Institute', 152.56),
(29, 'Pipe Duct Glue', 'Ut Corp.', 32.15),
(30, 'Hole Saw', 'Sed Eget PC', 156.27),
(31, 'Insulation Saw', 'Placerat Augue Corp.', 15.29),
(32, 'Staple Gun', 'Ipsum Primis In Company', 100.81),
(33, 'Step Ladder', 'Natoque Penatibus Corporation', 150.20),
(34, 'Body Suit', 'Torquent Institute', 194.59),
(35, 'SDS Drill', 'Eget Ltd', 195.74),
(36, 'SDS Drill Set', 'Ligula Associates', 185.19),
(37, 'Steel trowel', 'Nunc Est Mollis Institute', 34.13),
(38, 'Dehumidifiler', 'Lorem Company', 141.06),
(39, 'Plaster Hawk', 'Tortor Dictum Limited', 45.22),
(40, 'Paint Roller Set', 'Convallis Ligula LLC', 35.83);

-- --------------------------------------------------------

--
-- Table structure for table `salefacts`
--

CREATE TABLE `salefacts` (
  `ID` int(11) NOT NULL,
  `DateKey` int(11) NOT NULL,
  `ShopKey` int(11) NOT NULL,
  `CustomerKey` int(11) NOT NULL,
  `ProductKey` int(11) NOT NULL,
  `WarehouseKey` int(11) NOT NULL,
  `SalesQuantity` int(11) NOT NULL,
  `Discount` tinyint(1) NOT NULL CHECK (`Discount` in (0,1))
) ENGINE=InnoDB DEFAULT CHARSET=utf8mb4 COLLATE=utf8mb4_general_ci;

--
-- Dumping data for table `salefacts`
--

INSERT INTO `salefacts` (`ID`, `DateKey`, `ShopKey`, `CustomerKey`, `ProductKey`, `WarehouseKey`, `SalesQuantity`, `Discount`) VALUES
(1, 144, 18, 20, 26, 8, 2, 1),
(2, 294, 13, 18, 32, 10, 4, 0),
(3, 37, 16, 23, 4, 1, 5, 1),
(4, 70, 13, 27, 1, 3, 3, 1),
(5, 60, 13, 17, 11, 9, 3, 1),
(6, 225, 12, 19, 28, 10, 3, 0),
(7, 31, 17, 14, 9, 4, 2, 1),
(8, 283, 17, 13, 27, 10, 5, 0),
(9, 106, 14, 8, 30, 2, 5, 0),
(10, 192, 20, 48, 30, 7, 2, 1),
(11, 69, 13, 4, 15, 3, 3, 1),
(12, 132, 8, 47, 14, 8, 4, 1),
(13, 136, 16, 3, 31, 10, 1, 1),
(14, 82, 4, 28, 24, 4, 5, 1),
(15, 125, 16, 14, 25, 1, 3, 0),
(16, 291, 6, 15, 17, 4, 5, 0),
(17, 40, 19, 39, 39, 10, 1, 0),
(18, 132, 14, 32, 3, 4, 1, 0),
(19, 249, 17, 29, 34, 2, 5, 0),
(20, 217, 16, 48, 38, 10, 2, 1),
(21, 125, 8, 28, 30, 7, 1, 1),
(22, 237, 2, 43, 2, 6, 1, 0),
(23, 74, 9, 27, 17, 3, 1, 0),
(24, 36, 9, 26, 25, 8, 5, 0),
(25, 181, 4, 3, 28, 3, 3, 1),
(26, 211, 14, 6, 32, 10, 1, 0),
(27, 229, 15, 5, 8, 8, 1, 1),
(28, 10, 8, 31, 19, 2, 1, 0),
(29, 171, 11, 11, 23, 2, 4, 0),
(30, 186, 9, 7, 20, 8, 2, 1),
(31, 164, 11, 17, 40, 10, 1, 0),
(32, 216, 5, 8, 37, 8, 1, 1),
(33, 112, 17, 21, 28, 3, 1, 0),
(34, 67, 3, 16, 3, 3, 1, 1),
(35, 24, 3, 46, 16, 1, 2, 0),
(36, 51, 10, 8, 3, 2, 4, 1),
(37, 129, 10, 47, 3, 3, 5, 0),
(38, 134, 7, 42, 17, 2, 2, 0),
(39, 161, 2, 13, 25, 9, 3, 0),
(40, 182, 15, 25, 14, 9, 2, 0),
(41, 231, 8, 28, 36, 10, 3, 0),
(42, 234, 5, 32, 2, 8, 1, 0),
(43, 284, 6, 46, 26, 7, 2, 0),
(44, 17, 20, 36, 2, 3, 1, 1),
(45, 119, 13, 27, 18, 8, 4, 0),
(46, 296, 5, 49, 30, 6, 2, 0),
(47, 222, 20, 17, 27, 9, 3, 1),
(48, 33, 7, 18, 20, 9, 2, 0),
(49, 125, 20, 28, 4, 1, 4, 1),
(50, 73, 20, 3, 39, 4, 2, 0),
(51, 142, 5, 18, 19, 3, 3, 1),
(52, 300, 5, 40, 16, 9, 1, 0),
(53, 41, 8, 14, 33, 1, 3, 1),
(54, 39, 4, 38, 9, 2, 3, 0),
(55, 295, 1, 39, 21, 5, 1, 0),
(56, 272, 18, 22, 33, 7, 5, 0),
(57, 92, 13, 31, 14, 1, 1, 1),
(58, 38, 3, 4, 38, 2, 1, 1),
(59, 223, 9, 1, 10, 6, 1, 0),
(60, 246, 9, 2, 20, 3, 5, 1),
(61, 25, 17, 4, 17, 8, 4, 0),
(62, 136, 2, 46, 24, 2, 4, 0),
(63, 79, 4, 45, 26, 5, 3, 0),
(64, 30, 13, 16, 16, 1, 3, 1),
(65, 167, 20, 34, 38, 9, 4, 0),
(66, 42, 7, 50, 33, 2, 3, 1),
(67, 165, 3, 11, 9, 8, 1, 1),
(68, 288, 4, 2, 8, 3, 5, 0),
(69, 25, 2, 9, 28, 6, 1, 0),
(70, 141, 9, 15, 33, 4, 1, 0),
(71, 283, 4, 41, 20, 1, 5, 0),
(72, 186, 7, 48, 7, 4, 4, 0),
(73, 177, 18, 36, 32, 1, 1, 1),
(74, 292, 18, 31, 37, 6, 2, 1),
(75, 297, 3, 37, 29, 6, 2, 0),
(76, 176, 12, 49, 31, 9, 1, 0),
(77, 206, 14, 5, 37, 7, 2, 1),
(78, 39, 2, 39, 7, 3, 4, 0),
(79, 191, 20, 37, 36, 5, 2, 0),
(80, 229, 10, 24, 13, 1, 1, 1),
(81, 171, 18, 22, 12, 7, 4, 0),
(82, 286, 18, 31, 18, 8, 4, 0),
(83, 45, 1, 9, 2, 10, 3, 1),
(84, 141, 17, 30, 16, 8, 1, 1),
(85, 135, 19, 44, 10, 2, 3, 1),
(86, 193, 8, 24, 11, 9, 2, 1),
(87, 213, 3, 3, 18, 7, 2, 1),
(88, 28, 1, 35, 33, 1, 3, 1),
(89, 252, 16, 32, 19, 10, 1, 1),
(90, 2, 1, 46, 31, 1, 5, 1),
(91, 181, 7, 30, 39, 3, 4, 1),
(92, 52, 16, 2, 28, 2, 3, 1),
(93, 97, 20, 18, 32, 1, 1, 1),
(94, 115, 20, 19, 19, 5, 1, 1),
(95, 200, 10, 8, 29, 7, 5, 0),
(96, 231, 17, 34, 2, 5, 5, 1),
(97, 118, 18, 34, 23, 6, 5, 1),
(98, 118, 12, 4, 37, 3, 3, 0),
(99, 287, 12, 2, 27, 4, 3, 0),
(100, 86, 12, 2, 29, 10, 4, 0),
(101, 12, 1, 8, 20, 10, 4, 0),
(102, 296, 19, 11, 33, 7, 1, 1),
(103, 19, 19, 34, 13, 4, 4, 1),
(104, 45, 18, 45, 30, 3, 1, 1),
(105, 183, 10, 31, 14, 3, 4, 0),
(106, 108, 4, 49, 1, 6, 3, 1),
(107, 137, 19, 32, 26, 2, 1, 0),
(108, 86, 15, 19, 3, 7, 3, 1),
(109, 79, 9, 6, 26, 6, 1, 0),
(110, 145, 3, 20, 26, 2, 4, 1),
(111, 294, 8, 11, 27, 8, 4, 0),
(112, 213, 5, 35, 30, 10, 1, 0),
(113, 109, 6, 5, 25, 6, 2, 1),
(114, 121, 12, 42, 20, 3, 2, 1),
(115, 294, 16, 46, 3, 4, 1, 1),
(116, 125, 10, 39, 33, 1, 4, 1),
(117, 199, 5, 36, 12, 1, 4, 1),
(118, 283, 11, 9, 12, 7, 5, 1),
(119, 278, 10, 22, 34, 2, 5, 0),
(120, 27, 6, 17, 28, 7, 5, 1),
(121, 229, 16, 33, 4, 10, 4, 0),
(122, 203, 3, 10, 37, 1, 1, 1),
(123, 119, 11, 28, 1, 9, 4, 0),
(124, 208, 3, 11, 13, 9, 2, 1),
(125, 26, 8, 9, 9, 10, 3, 1),
(126, 54, 12, 41, 32, 3, 1, 1),
(127, 238, 13, 35, 6, 10, 1, 0),
(128, 40, 3, 27, 8, 8, 2, 1),
(129, 113, 10, 3, 39, 3, 3, 1),
(130, 117, 20, 36, 20, 4, 5, 1),
(131, 264, 19, 32, 35, 1, 4, 0),
(132, 65, 7, 45, 32, 4, 1, 0),
(133, 149, 20, 24, 13, 3, 3, 1),
(134, 57, 17, 50, 30, 7, 2, 1),
(135, 200, 15, 29, 35, 7, 4, 1),
(136, 65, 6, 37, 37, 5, 1, 1),
(137, 49, 17, 16, 8, 10, 5, 1),
(138, 49, 6, 49, 18, 8, 1, 1),
(139, 58, 20, 35, 13, 7, 3, 1),
(140, 50, 18, 12, 15, 5, 4, 0),
(141, 1, 12, 46, 23, 6, 4, 0),
(142, 77, 6, 38, 18, 10, 4, 0),
(143, 180, 17, 17, 30, 9, 2, 0),
(144, 25, 6, 12, 5, 6, 4, 1),
(145, 65, 12, 21, 24, 3, 1, 1),
(146, 185, 8, 11, 17, 3, 2, 1),
(147, 186, 2, 2, 9, 5, 2, 1),
(148, 91, 7, 42, 14, 7, 2, 0),
(149, 118, 3, 36, 31, 2, 5, 0),
(150, 74, 17, 7, 21, 5, 2, 0),
(151, 290, 14, 2, 11, 3, 4, 0),
(152, 51, 18, 37, 21, 2, 5, 1),
(153, 85, 6, 9, 2, 1, 5, 1),
(154, 291, 9, 38, 29, 10, 1, 0),
(155, 82, 17, 7, 28, 9, 2, 0),
(156, 98, 14, 9, 30, 10, 5, 0),
(157, 25, 13, 45, 36, 1, 1, 0),
(158, 113, 12, 19, 1, 6, 3, 1),
(159, 269, 2, 11, 16, 9, 2, 0),
(160, 195, 12, 40, 12, 2, 1, 1),
(161, 194, 11, 29, 7, 6, 2, 1),
(162, 75, 13, 50, 8, 9, 3, 1),
(163, 32, 10, 18, 40, 9, 3, 1),
(164, 118, 16, 23, 25, 1, 2, 0),
(165, 144, 19, 40, 26, 10, 1, 0),
(166, 222, 16, 47, 37, 7, 2, 1),
(167, 183, 13, 40, 5, 1, 1, 0),
(168, 1, 10, 45, 36, 3, 5, 1),
(169, 157, 13, 27, 21, 9, 4, 0),
(170, 3, 16, 50, 33, 1, 2, 1),
(171, 82, 10, 11, 40, 7, 1, 0),
(172, 217, 6, 15, 38, 9, 2, 1),
(173, 137, 14, 29, 34, 1, 2, 0),
(174, 266, 6, 5, 22, 2, 1, 0),
(175, 296, 14, 6, 22, 1, 5, 1),
(176, 240, 16, 21, 37, 1, 3, 0),
(177, 26, 3, 25, 10, 6, 3, 0),
(178, 266, 12, 43, 38, 8, 1, 0),
(179, 290, 3, 47, 14, 9, 4, 0),
(180, 54, 15, 42, 8, 3, 1, 1),
(181, 195, 3, 34, 12, 7, 4, 0),
(182, 28, 17, 40, 25, 9, 5, 1),
(183, 248, 14, 8, 18, 8, 5, 1),
(184, 168, 5, 36, 36, 7, 1, 1),
(185, 286, 18, 9, 37, 9, 1, 1),
(186, 211, 2, 30, 5, 4, 5, 0),
(187, 194, 9, 46, 18, 10, 2, 0),
(188, 43, 18, 11, 28, 10, 4, 0),
(189, 117, 20, 26, 28, 10, 2, 1),
(190, 274, 7, 29, 4, 1, 4, 0),
(191, 185, 3, 38, 4, 8, 2, 1),
(192, 212, 5, 10, 3, 6, 5, 0),
(193, 140, 9, 31, 27, 9, 5, 1),
(194, 279, 6, 38, 22, 7, 3, 1),
(195, 298, 10, 43, 25, 5, 3, 0),
(196, 117, 7, 18, 29, 2, 4, 1),
(197, 185, 9, 38, 32, 2, 3, 0),
(198, 288, 15, 38, 29, 10, 4, 1),
(199, 275, 4, 42, 10, 1, 1, 1),
(200, 150, 6, 2, 39, 3, 1, 1),
(201, 124, 12, 3, 16, 8, 5, 1),
(202, 265, 10, 9, 8, 5, 2, 1),
(203, 199, 8, 22, 10, 4, 5, 1),
(204, 235, 15, 45, 15, 4, 2, 0),
(205, 165, 1, 43, 36, 7, 3, 0),
(206, 226, 3, 14, 30, 10, 2, 1),
(207, 257, 3, 23, 11, 9, 4, 0),
(208, 56, 13, 11, 19, 6, 3, 1),
(209, 189, 9, 29, 30, 9, 2, 0),
(210, 157, 9, 21, 4, 8, 2, 1),
(211, 200, 12, 23, 39, 9, 4, 1),
(212, 85, 1, 33, 34, 7, 5, 0),
(213, 190, 15, 20, 37, 6, 1, 0),
(214, 110, 17, 42, 24, 4, 2, 1),
(215, 128, 1, 16, 18, 3, 1, 1),
(216, 114, 18, 3, 25, 2, 3, 1),
(217, 218, 7, 47, 19, 6, 5, 0),
(218, 223, 17, 26, 6, 2, 5, 0),
(219, 123, 16, 4, 7, 6, 3, 1),
(220, 137, 17, 1, 12, 4, 5, 0),
(221, 112, 11, 40, 5, 2, 5, 0),
(222, 287, 17, 42, 40, 10, 4, 1),
(223, 250, 17, 8, 3, 6, 5, 1),
(224, 289, 11, 29, 23, 10, 5, 0),
(225, 296, 19, 38, 22, 10, 2, 0),
(226, 178, 7, 18, 7, 8, 1, 0),
(227, 57, 18, 11, 24, 6, 3, 1),
(228, 243, 7, 40, 19, 9, 3, 0),
(229, 204, 20, 9, 29, 4, 2, 0),
(230, 223, 20, 13, 20, 3, 1, 0),
(231, 81, 5, 34, 15, 3, 1, 1),
(232, 50, 20, 18, 2, 2, 1, 0),
(233, 217, 2, 8, 10, 7, 3, 1),
(234, 35, 8, 38, 40, 4, 1, 1),
(235, 262, 5, 42, 15, 6, 1, 0),
(236, 276, 6, 13, 7, 3, 3, 1),
(237, 212, 3, 28, 12, 2, 5, 0),
(238, 25, 1, 2, 7, 4, 4, 0),
(239, 244, 12, 41, 14, 1, 5, 0),
(240, 45, 16, 3, 21, 4, 2, 1),
(241, 167, 14, 6, 38, 9, 5, 1),
(242, 43, 18, 6, 24, 8, 2, 1),
(243, 177, 10, 36, 8, 2, 5, 1),
(244, 174, 7, 10, 25, 8, 5, 0),
(245, 273, 4, 27, 28, 4, 2, 1),
(246, 299, 9, 24, 25, 3, 5, 1),
(247, 29, 2, 30, 12, 8, 4, 0),
(248, 185, 13, 9, 16, 7, 2, 0),
(249, 171, 18, 46, 30, 8, 3, 1),
(250, 241, 3, 2, 24, 7, 1, 1),
(251, 58, 19, 36, 29, 5, 2, 1),
(252, 19, 1, 4, 28, 10, 3, 1),
(253, 214, 15, 45, 35, 1, 1, 1),
(254, 90, 16, 22, 28, 8, 2, 1),
(255, 235, 2, 18, 38, 9, 4, 1),
(256, 7, 19, 4, 10, 4, 1, 0),
(257, 214, 11, 20, 3, 6, 1, 0),
(258, 223, 7, 49, 19, 3, 2, 1),
(259, 53, 6, 12, 1, 8, 2, 0),
(260, 287, 3, 25, 7, 3, 4, 1),
(261, 7, 17, 25, 27, 8, 5, 0),
(262, 238, 15, 14, 31, 9, 2, 0),
(263, 281, 13, 49, 25, 8, 1, 1),
(264, 72, 1, 3, 27, 8, 4, 0),
(265, 184, 1, 47, 22, 8, 5, 1),
(266, 292, 7, 13, 6, 9, 5, 1),
(267, 273, 4, 24, 14, 6, 4, 0),
(268, 65, 1, 32, 28, 8, 2, 0),
(269, 30, 20, 50, 35, 8, 1, 0),
(270, 17, 15, 35, 37, 7, 5, 1),
(271, 105, 3, 37, 8, 9, 1, 0),
(272, 273, 5, 32, 37, 4, 3, 0),
(273, 148, 4, 38, 5, 8, 3, 0),
(274, 53, 14, 32, 2, 7, 2, 0),
(275, 248, 18, 4, 40, 6, 1, 1),
(276, 41, 13, 16, 1, 5, 5, 1),
(277, 18, 1, 35, 4, 1, 1, 0),
(278, 232, 7, 39, 12, 1, 2, 0),
(279, 174, 7, 50, 9, 1, 3, 0),
(280, 61, 10, 5, 21, 6, 1, 0),
(281, 239, 14, 6, 4, 5, 2, 1),
(282, 162, 9, 30, 32, 4, 5, 1),
(283, 300, 1, 26, 29, 4, 4, 1),
(284, 223, 3, 25, 20, 3, 1, 0),
(285, 98, 20, 33, 3, 9, 3, 0),
(286, 168, 17, 30, 4, 2, 3, 0),
(287, 237, 3, 11, 40, 7, 3, 1),
(288, 292, 3, 39, 24, 5, 1, 1),
(289, 197, 7, 16, 29, 1, 4, 1),
(290, 240, 9, 38, 10, 3, 1, 1),
(291, 71, 13, 37, 25, 9, 2, 0),
(292, 227, 13, 12, 16, 10, 4, 0),
(293, 152, 4, 20, 10, 7, 5, 0),
(294, 80, 16, 49, 16, 4, 1, 1),
(295, 232, 11, 21, 18, 10, 5, 0),
(296, 48, 19, 42, 20, 5, 3, 1),
(297, 157, 7, 40, 34, 1, 5, 0),
(298, 216, 7, 42, 40, 8, 1, 1),
(299, 68, 12, 24, 24, 2, 4, 1),
(300, 135, 5, 7, 10, 6, 5, 0),
(301, 213, 19, 10, 7, 4, 5, 0),
(302, 111, 4, 28, 25, 5, 4, 0),
(303, 43, 3, 47, 18, 3, 3, 1),
(304, 23, 19, 24, 7, 5, 3, 0),
(305, 33, 3, 50, 27, 6, 5, 0),
(306, 230, 6, 34, 15, 7, 3, 0),
(307, 75, 9, 27, 23, 8, 1, 0),
(308, 122, 11, 46, 27, 3, 5, 1),
(309, 21, 9, 44, 39, 1, 2, 1),
(310, 5, 14, 14, 15, 8, 5, 1),
(311, 155, 11, 50, 37, 8, 4, 1),
(312, 26, 14, 36, 16, 7, 3, 1),
(313, 65, 14, 33, 24, 2, 2, 1),
(314, 287, 12, 32, 13, 4, 1, 1),
(315, 59, 4, 4, 2, 5, 1, 0),
(316, 78, 1, 16, 21, 3, 1, 0),
(317, 275, 20, 14, 34, 3, 2, 1),
(318, 282, 3, 15, 1, 9, 5, 0),
(319, 45, 16, 12, 25, 4, 3, 1),
(320, 13, 8, 39, 16, 1, 4, 0),
(321, 282, 17, 33, 3, 7, 4, 1),
(322, 55, 12, 1, 26, 7, 4, 0),
(323, 70, 17, 40, 29, 10, 4, 1),
(324, 69, 15, 8, 13, 9, 5, 1),
(325, 130, 12, 1, 15, 2, 2, 0),
(326, 25, 3, 48, 38, 2, 4, 1),
(327, 279, 6, 28, 13, 9, 1, 1),
(328, 287, 10, 38, 40, 3, 1, 1),
(329, 200, 9, 36, 29, 2, 3, 0),
(330, 269, 4, 33, 26, 2, 5, 1),
(331, 259, 19, 1, 11, 4, 4, 1),
(332, 104, 10, 37, 19, 4, 2, 0),
(333, 76, 8, 50, 11, 10, 5, 0),
(334, 236, 12, 48, 21, 9, 1, 0),
(335, 104, 17, 32, 28, 5, 1, 1),
(336, 118, 9, 23, 1, 10, 4, 0),
(337, 198, 8, 15, 26, 6, 3, 1),
(338, 210, 15, 38, 40, 3, 1, 0),
(339, 189, 1, 8, 36, 6, 1, 0),
(340, 180, 7, 46, 14, 10, 4, 0),
(341, 209, 17, 30, 14, 1, 4, 1),
(342, 22, 18, 12, 1, 10, 1, 0),
(343, 235, 17, 25, 10, 4, 5, 0),
(344, 107, 19, 43, 9, 9, 4, 1),
(345, 292, 18, 19, 10, 5, 1, 1),
(346, 152, 20, 17, 22, 3, 2, 0),
(347, 281, 19, 13, 17, 2, 3, 0),
(348, 124, 6, 42, 34, 9, 4, 0),
(349, 155, 2, 6, 25, 6, 5, 0),
(350, 184, 11, 45, 26, 10, 1, 1),
(351, 166, 2, 9, 39, 3, 3, 1),
(352, 264, 3, 46, 27, 7, 4, 0),
(353, 149, 14, 20, 20, 5, 1, 0),
(354, 107, 16, 41, 23, 2, 4, 1),
(355, 99, 4, 33, 14, 4, 3, 1),
(356, 153, 20, 6, 15, 4, 5, 1),
(357, 89, 20, 21, 38, 10, 4, 1),
(358, 166, 16, 25, 19, 3, 1, 1),
(359, 54, 6, 44, 23, 2, 2, 1),
(360, 68, 4, 43, 24, 8, 3, 0),
(361, 59, 19, 10, 24, 8, 4, 1),
(362, 129, 2, 46, 29, 2, 5, 0),
(363, 235, 5, 41, 20, 3, 4, 1),
(364, 160, 11, 1, 16, 1, 5, 0),
(365, 247, 9, 8, 2, 1, 1, 0),
(366, 152, 3, 22, 10, 10, 5, 1),
(367, 164, 18, 3, 17, 10, 3, 0),
(368, 181, 12, 20, 28, 6, 3, 0),
(369, 210, 13, 27, 40, 7, 1, 1),
(370, 123, 13, 7, 37, 8, 5, 0),
(371, 58, 15, 6, 33, 7, 5, 1),
(372, 152, 4, 24, 17, 6, 4, 0),
(373, 259, 15, 40, 8, 2, 4, 1),
(374, 145, 9, 28, 27, 6, 1, 1),
(375, 33, 18, 42, 4, 4, 4, 0),
(376, 229, 11, 26, 28, 3, 4, 0),
(377, 159, 11, 6, 4, 8, 3, 1),
(378, 50, 19, 28, 36, 2, 3, 0),
(379, 160, 20, 34, 11, 8, 5, 0),
(380, 33, 1, 30, 9, 10, 1, 1),
(381, 46, 10, 27, 32, 7, 2, 1),
(382, 66, 12, 29, 6, 3, 2, 1),
(383, 242, 6, 12, 12, 2, 4, 0),
(384, 182, 10, 14, 27, 6, 2, 0),
(385, 257, 1, 9, 31, 4, 3, 0),
(386, 174, 9, 17, 30, 8, 5, 0),
(387, 3, 13, 3, 6, 6, 3, 1),
(388, 203, 14, 47, 10, 5, 1, 1),
(389, 238, 16, 5, 26, 3, 4, 0),
(390, 179, 8, 37, 5, 9, 4, 1),
(391, 186, 10, 48, 22, 10, 2, 0),
(392, 206, 10, 21, 1, 2, 3, 1),
(393, 186, 10, 10, 18, 4, 1, 0),
(394, 163, 5, 3, 10, 6, 5, 1),
(395, 85, 17, 46, 28, 5, 2, 1),
(396, 70, 10, 36, 8, 1, 3, 0),
(397, 128, 5, 21, 19, 4, 1, 0),
(398, 232, 16, 26, 3, 8, 2, 0),
(399, 207, 20, 29, 34, 7, 3, 1),
(400, 74, 14, 19, 6, 7, 2, 1),
(401, 128, 13, 16, 30, 9, 3, 0),
(402, 157, 8, 27, 8, 1, 2, 0),
(403, 218, 19, 24, 31, 9, 2, 0),
(404, 193, 6, 34, 5, 7, 2, 1),
(405, 173, 7, 29, 16, 4, 5, 1),
(406, 221, 9, 39, 3, 6, 3, 1),
(407, 119, 12, 1, 15, 8, 5, 1),
(408, 108, 10, 48, 32, 2, 3, 0),
(409, 140, 4, 25, 27, 10, 5, 0),
(410, 180, 17, 28, 37, 2, 3, 1),
(411, 278, 17, 6, 23, 1, 3, 0),
(412, 181, 13, 46, 3, 10, 2, 0),
(413, 284, 8, 46, 25, 4, 3, 0),
(414, 214, 6, 23, 2, 9, 5, 0),
(415, 73, 1, 14, 39, 1, 3, 1),
(416, 12, 16, 11, 18, 9, 4, 1),
(417, 84, 10, 17, 26, 3, 4, 0),
(418, 198, 10, 14, 25, 3, 5, 1),
(419, 120, 13, 25, 6, 2, 2, 0),
(420, 99, 10, 40, 40, 10, 1, 0),
(421, 78, 2, 9, 30, 2, 2, 0),
(422, 32, 1, 38, 21, 8, 3, 1),
(423, 108, 8, 15, 33, 4, 2, 1),
(424, 220, 14, 14, 33, 2, 2, 0),
(425, 292, 19, 2, 40, 9, 3, 0),
(426, 35, 8, 10, 5, 10, 1, 1),
(427, 29, 3, 5, 38, 9, 2, 1),
(428, 173, 7, 16, 30, 3, 4, 0),
(429, 188, 7, 36, 10, 8, 4, 1),
(430, 229, 5, 32, 31, 9, 2, 1),
(431, 256, 2, 40, 30, 9, 5, 0),
(432, 72, 1, 38, 28, 5, 1, 1),
(433, 86, 17, 38, 8, 6, 1, 1),
(434, 288, 11, 14, 9, 9, 4, 0),
(435, 296, 8, 36, 6, 2, 5, 1),
(436, 198, 12, 46, 18, 6, 5, 1),
(437, 117, 19, 47, 13, 10, 2, 1),
(438, 208, 8, 4, 28, 5, 3, 1),
(439, 62, 12, 45, 9, 1, 5, 0),
(440, 116, 3, 36, 35, 3, 3, 0),
(441, 94, 11, 42, 27, 6, 3, 1),
(442, 116, 4, 45, 28, 9, 1, 1),
(443, 73, 20, 12, 34, 3, 1, 1),
(444, 172, 18, 5, 14, 9, 3, 1),
(445, 138, 18, 21, 22, 1, 5, 0),
(446, 39, 20, 42, 12, 7, 5, 1),
(447, 167, 11, 2, 23, 5, 3, 0),
(448, 229, 1, 40, 31, 9, 4, 1),
(449, 9, 17, 24, 19, 2, 1, 1),
(450, 162, 17, 38, 5, 3, 5, 1),
(451, 54, 4, 35, 31, 1, 4, 1),
(452, 198, 10, 19, 7, 1, 3, 0),
(453, 240, 13, 10, 24, 7, 3, 1),
(454, 256, 17, 47, 37, 2, 3, 0),
(455, 129, 7, 34, 34, 2, 2, 1),
(456, 2, 18, 20, 39, 1, 4, 0),
(457, 47, 9, 39, 35, 4, 2, 0),
(458, 8, 20, 35, 14, 8, 3, 1),
(459, 299, 2, 22, 12, 9, 5, 1),
(460, 276, 13, 32, 7, 3, 3, 1),
(461, 180, 12, 39, 30, 4, 3, 0),
(462, 37, 1, 40, 33, 4, 2, 0),
(463, 143, 5, 36, 20, 2, 5, 0),
(464, 238, 3, 42, 14, 7, 3, 1),
(465, 58, 18, 36, 20, 5, 3, 0),
(466, 70, 10, 7, 28, 3, 3, 1),
(467, 195, 2, 1, 18, 7, 2, 0),
(468, 30, 20, 48, 37, 2, 4, 0),
(469, 259, 16, 42, 22, 7, 4, 0),
(470, 140, 6, 48, 16, 8, 1, 0),
(471, 24, 1, 34, 16, 6, 2, 0),
(472, 107, 3, 43, 9, 8, 5, 0),
(473, 128, 10, 23, 11, 10, 2, 1),
(474, 164, 2, 40, 20, 8, 3, 1),
(475, 288, 4, 43, 37, 2, 5, 1),
(476, 294, 1, 16, 30, 6, 2, 0),
(477, 100, 16, 47, 37, 8, 3, 1),
(478, 235, 10, 22, 17, 4, 5, 0),
(479, 45, 1, 33, 36, 4, 1, 1),
(480, 134, 18, 46, 39, 7, 5, 1),
(481, 292, 6, 10, 16, 1, 1, 1),
(482, 100, 11, 7, 25, 1, 2, 1),
(483, 93, 13, 33, 36, 4, 4, 0),
(484, 161, 17, 6, 8, 7, 1, 1),
(485, 166, 6, 12, 29, 2, 5, 0),
(486, 39, 2, 48, 10, 2, 1, 1),
(487, 8, 19, 39, 21, 6, 4, 1),
(488, 224, 1, 19, 38, 7, 3, 1),
(489, 221, 1, 43, 18, 6, 1, 1),
(490, 276, 15, 26, 18, 2, 5, 0),
(491, 238, 12, 9, 38, 4, 2, 0),
(492, 300, 10, 32, 35, 2, 2, 0),
(493, 250, 14, 50, 30, 6, 3, 0),
(494, 24, 4, 19, 4, 1, 5, 1),
(495, 103, 2, 38, 9, 6, 3, 0),
(496, 74, 12, 31, 4, 10, 3, 1),
(497, 236, 9, 23, 38, 4, 2, 1),
(498, 245, 9, 7, 37, 9, 2, 1),
(499, 7, 20, 4, 26, 1, 1, 1),
(500, 285, 13, 7, 17, 3, 4, 0),
(502, 1, 1, 1, 1, 1, 3, 0);

-- --------------------------------------------------------

--
-- Table structure for table `shopdim`
--

CREATE TABLE `shopdim` (
  `ShopKey` int(11) NOT NULL,
  `ShopState` varchar(100) NOT NULL,
  `ShopAddress` varchar(255) NOT NULL,
  `ShopEmail` varchar(255) NOT NULL
) ENGINE=InnoDB DEFAULT CHARSET=utf8mb4 COLLATE=utf8mb4_general_ci;

--
-- Dumping data for table `shopdim`
--

INSERT INTO `shopdim` (`ShopKey`, `ShopState`, `ShopAddress`, `ShopEmail`) VALUES
(1, 'Victoria', '358-1857 Sociosqu Av.', 'Ut@quamPellentesquehabitant.net'),
(2, 'NSW', 'Ap #835-8274 Donec St.', 'ac@sollicitudinadipiscingligula.ca'),
(3, 'VIC', 'Ap #340-4547 Non Rd.', 'est@portaelita.co.uk'),
(4, 'WA', 'P.O. Box 305, 2430 Nostra, Av.', 'Duis@eget.org'),
(5, 'VIC', 'P.O. Box 272, 2493 Nulla St.', 'aliquam.adipiscing@Proin.com'),
(6, 'NSW', '980-1420 Cras Rd.', 'congue.a.aliquet@In.co.uk'),
(7, 'NSW', '445-612 Nam Rd.', 'auctor.velit.eget@sed.ca'),
(8, 'QLD', 'P.O. Box 733, 8156 Purus, Ave', 'fringilla@necurna.net'),
(9, 'TAS', '722 Arcu Ave', 'Integer.mollis.Integer@volutpat.edu'),
(10, 'QLD', 'P.O. Box 611, 6146 Sagittis St.', 'magna@lectus.net'),
(11, 'NSW', '515-4052 Tempus St.', 'mauris.Suspendisse@venenatis.ca'),
(12, 'NSW', 'P.O. Box 797, 9133 Erat St.', 'risus@sagittislobortismauris.edu'),
(13, 'SA', 'Ap #106-5740 Nisl Ave', 'auctor.non@ornarelectusante.com'),
(14, 'QLD', '1809 Sem, Avenue', 'odio@eutellus.ca'),
(15, 'VIC', '2194 Dapibus Road', 'convallis@Praesenteu.edu'),
(16, 'VIC', '4300 Nulla Rd.', 'est.tempor.bibendum@risusInmi.org'),
(17, 'VIC', 'Ap #932-6351 Cum Av.', 'ac@purussapiengravida.edu'),
(18, 'ACT', '710-2824 A Street', 'elementum.at.egestas@dignissimMaecenasornare.edu'),
(19, 'SA', '4743 Sem. Avenue', 'imperdiet.ullamcorper.Duis@Donectempor.com'),
(20, 'NSW', 'P.O. Box 126, 3662 Vulputate Rd.', 'tortor.Nunc@loremutaliquam.ca');

-- --------------------------------------------------------

--
-- Table structure for table `warehousedim`
--

CREATE TABLE `warehousedim` (
  `WarehouseKey` int(11) NOT NULL,
  `WarehouseDivision` varchar(100) NOT NULL,
  `WarehouseRegion` varchar(100) NOT NULL
) ENGINE=InnoDB DEFAULT CHARSET=utf8mb4 COLLATE=utf8mb4_general_ci;

--
-- Dumping data for table `warehousedim`
--

INSERT INTO `warehousedim` (`WarehouseKey`, `WarehouseDivision`, `WarehouseRegion`) VALUES
(1, 'Southbank', 'VIC'),
(2, 'Kensington', 'VIC'),
(3, 'Elwood', 'NSW'),
(4, 'Parkville', 'WA'),
(5, 'Ripponlea', 'QLD'),
(6, 'Burnley', 'QLD'),
(7, 'Collingwood', 'NSW'),
(8, 'Richmond', 'TAS'),
(9, 'Macleod', 'NSW'),
(10, 'Viewbank', 'VIC');

--
-- Indexes for dumped tables
--

--
-- Indexes for table `customerdim`
--
ALTER TABLE `customerdim`
  ADD PRIMARY KEY (`CustomerKey`);

--
-- Indexes for table `datedim`
--
ALTER TABLE `datedim`
  ADD PRIMARY KEY (`DateKey`);

--
-- Indexes for table `productdim`
--
ALTER TABLE `productdim`
  ADD PRIMARY KEY (`ProductKey`);

--
-- Indexes for table `salefacts`
--
ALTER TABLE `salefacts`
  ADD PRIMARY KEY (`ID`),
  ADD KEY `fk_date` (`DateKey`),
  ADD KEY `fk_shop` (`ShopKey`),
  ADD KEY `fk_customer` (`CustomerKey`),
  ADD KEY `fk_product` (`ProductKey`),
  ADD KEY `fk_warehouse` (`WarehouseKey`);

--
-- Indexes for table `shopdim`
--
ALTER TABLE `shopdim`
  ADD PRIMARY KEY (`ShopKey`);

--
-- Indexes for table `warehousedim`
--
ALTER TABLE `warehousedim`
  ADD PRIMARY KEY (`WarehouseKey`);

--
-- AUTO_INCREMENT for dumped tables
--

--
-- AUTO_INCREMENT for table `customerdim`
--
ALTER TABLE `customerdim`
  MODIFY `CustomerKey` int(11) NOT NULL AUTO_INCREMENT, AUTO_INCREMENT=52;

--
-- AUTO_INCREMENT for table `datedim`
--
ALTER TABLE `datedim`
  MODIFY `DateKey` int(11) NOT NULL AUTO_INCREMENT, AUTO_INCREMENT=301;

--
-- AUTO_INCREMENT for table `productdim`
--
ALTER TABLE `productdim`
  MODIFY `ProductKey` int(11) NOT NULL AUTO_INCREMENT, AUTO_INCREMENT=41;

--
-- AUTO_INCREMENT for table `salefacts`
--
ALTER TABLE `salefacts`
  MODIFY `ID` int(11) NOT NULL AUTO_INCREMENT, AUTO_INCREMENT=503;

--
-- AUTO_INCREMENT for table `shopdim`
--
ALTER TABLE `shopdim`
  MODIFY `ShopKey` int(11) NOT NULL AUTO_INCREMENT, AUTO_INCREMENT=21;

--
-- AUTO_INCREMENT for table `warehousedim`
--
ALTER TABLE `warehousedim`
  MODIFY `WarehouseKey` int(11) NOT NULL AUTO_INCREMENT, AUTO_INCREMENT=11;

--
-- Constraints for dumped tables
--

--
-- Constraints for table `salefacts`
--
ALTER TABLE `salefacts`
  ADD CONSTRAINT `fk_customer` FOREIGN KEY (`CustomerKey`) REFERENCES `customerdim` (`CustomerKey`),
  ADD CONSTRAINT `fk_date` FOREIGN KEY (`DateKey`) REFERENCES `datedim` (`DateKey`),
  ADD CONSTRAINT `fk_product` FOREIGN KEY (`ProductKey`) REFERENCES `productdim` (`ProductKey`),
  ADD CONSTRAINT `fk_shop` FOREIGN KEY (`ShopKey`) REFERENCES `shopdim` (`ShopKey`),
  ADD CONSTRAINT `fk_warehouse` FOREIGN KEY (`WarehouseKey`) REFERENCES `warehousedim` (`WarehouseKey`);
COMMIT;

/*!40101 SET CHARACTER_SET_CLIENT=@OLD_CHARACTER_SET_CLIENT */;
/*!40101 SET CHARACTER_SET_RESULTS=@OLD_CHARACTER_SET_RESULTS */;
/*!40101 SET COLLATION_CONNECTION=@OLD_COLLATION_CONNECTION */;
